id,outwear,top,trousers,women dresses,women skirts
0,0,1,1,0,0
1,1,1,0,0,0
2,1,0,1,0,0
3,0,1,1,0,0
4,0,1,1,0,0
5,0,0,1,1,0
6,0,1,0,0,0
7,1,0,0,1,0
8,1,0,0,1,1
9,1,1,0,0,0
10,1,1,0,0,0
11,1,0,1,0,0
12,0,1,0,1,0
13,1,0,0,1,0
14,0,1,1,0,0
15,1,0,1,0,0
16,1,1,0,0,0
17,0,1,1,0,0
18,1,0,1,0,0
19,0,1,0,0,0
20,1,0,1,0,0
21,0,1,0,0,1
22,0,0,1,0,0
23,0,0,0,1,1
24,1,0,1,0,0
25,0,0,1,0,0
26,0,1,0,1,0
27,1,0,0,0,0
28,1,0,0,1,0
29,1,0,0,0,1
30,1,0,1,0,0
31,0,0,1,0,0
32,0,0,0,1,1
33,1,0,1,0,0
34,1,0,1,0,0
35,0,0,1,0,0
36,0,1,0,0,1
37,0,1,0,1,1
38,1,0,1,0,0
39,1,1,0,0,0
40,0,0,0,1,0
41,0,0,1,0,1
42,1,0,0,1,0
43,0,0,1,0,0
44,0,1,0,1,0
45,0,0,1,0,0
46,0,1,0,0,0
47,1,0,0,0,0
48,0,1,0,0,0
49,0,0,1,0,0
50,1,1,0,0,0
51,0,1,1,0,0
52,0,0,1,0,0
53,0,1,1,0,0
54,0,0,1,0,0
55,1,0,0,0,0
56,1,0,0,0,0
57,0,0,0,1,1
58,0,1,0,0,0
59,1,1,0,0,0
60,0,1,1,0,0
61,0,1,1,0,0
62,0,1,0,0,1
63,0,0,1,0,0
64,1,0,1,0,0
65,0,1,0,0,1
66,1,0,0,0,0
67,0,0,0,0,1
68,0,1,1,0,0
69,1,0,0,0,0
70,1,0,1,0,0
71,1,0,1,0,0
72,0,1,0,0,0
73,1,0,0,0,0
74,1,0,1,0,0
75,0,1,0,1,0
76,1,1,0,0,0
77,0,1,0,1,0
78,1,0,1,0,0
79,0,0,1,0,1
80,0,0,1,0,0
81,1,1,0,0,0
82,0,1,1,0,0
83,0,1,0,0,1
84,0,0,1,0,1
85,0,0,1,0,1
86,0,1,1,0,0
87,1,0,1,0,0
88,1,1,0,0,0
89,0,0,1,1,0
90,1,0,0,0,0
91,1,1,0,0,0
92,1,1,0,0,0
93,1,0,1,0,0
94,1,0,0,0,0
95,0,1,1,0,0
96,0,0,1,0,1
97,1,0,1,0,0
98,0,1,0,1,0
99,0,0,1,0,0
100,1,0,0,0,0
101,0,1,0,0,0
102,0,0,1,1,0
103,0,1,1,0,0
104,1,1,0,0,0
105,1,0,1,0,0
106,0,1,1,0,0
107,0,0,1,0,1
108,0,1,0,0,0
109,0,0,1,0,0
110,0,0,1,0,1
111,0,1,0,1,0
112,0,0,0,1,1
113,1,0,0,0,0
114,1,0,0,1,0
115,0,1,1,0,0
116,1,0,1,0,0
117,0,0,1,0,0
118,1,0,0,0,0
119,1,0,1,0,0
120,0,1,1,0,0
121,0,0,1,0,0
122,1,0,1,0,0
123,0,0,0,0,1
124,1,0,0,0,1
125,0,0,1,0,0
126,1,1,0,0,0
127,1,0,1,0,0
128,1,0,1,0,0
129,1,0,0,1,0
130,1,1,0,0,0
131,1,1,0,0,0
132,1,1,0,0,0
133,0,1,0,0,0
134,0,1,0,0,0
135,0,0,0,1,1
136,1,0,1,0,0
137,1,0,1,0,0
138,0,1,0,0,0
139,1,1,0,0,0
140,1,0,1,0,0
141,1,0,1,0,0
142,1,0,0,1,0
143,0,1,1,0,0
144,1,1,0,0,0
145,0,0,0,0,1
146,0,1,0,0,1
147,0,0,1,0,0
148,1,0,0,0,0
149,0,1,1,0,0
150,0,0,0,1,0
151,0,1,1,0,0
152,0,0,1,0,1
153,0,0,1,1,0
154,1,0,0,0,1
155,0,1,1,0,0
156,1,1,0,0,0
157,0,1,1,0,0
158,1,0,1,0,0
159,1,0,0,0,0
160,0,0,1,1,0
161,1,0,0,0,0
162,0,1,1,0,0
163,1,1,0,0,0
164,0,0,1,0,0
165,1,0,1,0,0
166,1,1,0,0,0
167,1,1,0,0,0
168,0,1,0,1,0
169,1,0,0,1,0
170,0,1,0,0,0
171,0,1,1,1,0
172,0,1,0,0,0
173,1,1,0,0,0
174,0,0,1,1,0
175,1,1,0,0,0
176,0,1,1,0,0
177,0,0,0,1,0
178,0,1,1,0,0
179,1,1,0,0,0
180,0,0,1,0,0
181,0,1,1,0,0
182,1,1,0,0,0
183,0,0,1,0,1
184,0,0,0,1,1
185,1,1,0,0,0
186,0,1,0,0,0
187,0,1,1,0,0
188,0,0,1,0,0
189,0,0,1,1,0
190,0,0,0,1,1
191,0,0,1,0,0
192,1,1,1,0,0
193,1,0,1,0,0
194,1,1,0,0,0
195,0,1,0,0,0
196,1,1,0,0,0
197,0,1,0,0,1
198,0,1,0,0,0
199,1,1,0,0,0
200,0,1,0,1,0
201,1,0,1,0,0
202,0,1,0,1,0
203,1,1,0,0,0
204,0,0,0,1,0
205,0,0,1,1,0
206,1,0,1,0,0
207,0,0,1,0,0
208,0,0,1,0,0
209,1,0,0,1,0
210,0,1,1,0,0
211,0,0,0,0,1
212,0,0,1,1,0
213,0,1,0,0,1
214,0,1,1,0,0
215,1,1,0,0,0
216,0,0,1,0,0
217,1,1,0,0,0
218,1,0,0,1,0
219,0,0,1,0,0
220,0,1,1,0,1
221,0,0,0,1,0
222,0,1,1,0,0
223,0,0,0,0,1
224,0,0,0,1,1
225,1,1,1,0,0
226,0,1,0,0,0
227,0,1,1,0,0
228,0,1,1,0,0
229,1,0,1,0,0
230,1,0,1,0,0
231,0,1,0,0,0
232,0,1,1,0,0
233,0,0,1,0,0
234,0,1,0,0,1
235,0,1,1,0,0
236,1,1,1,0,0
237,1,0,0,0,1
238,0,0,1,0,1
239,0,0,0,1,1
240,1,1,0,0,0
241,1,1,1,0,0
242,0,1,0,0,0
243,0,0,0,0,1
244,1,1,0,0,0
245,0,0,0,0,1
246,1,0,1,0,0
247,1,1,1,0,0
248,1,0,1,0,0
249,0,0,0,1,0
250,0,0,0,1,0
251,1,1,0,0,0
252,1,1,0,0,0
253,0,0,1,0,1
254,0,0,1,1,0
255,0,1,1,0,0
256,0,0,1,0,0
257,1,0,1,0,0
258,1,0,0,0,0
259,0,0,1,1,0
260,0,1,1,0,0
261,1,1,0,0,0
262,0,0,1,0,1
263,1,1,0,0,0
264,1,0,0,0,0
265,1,0,1,0,0
266,1,1,0,0,0
267,0,1,1,0,0
268,1,1,0,0,0
269,0,1,1,0,0
270,0,0,1,0,0
271,1,0,1,0,0
272,1,0,0,0,1
273,0,1,0,1,0
274,0,1,0,0,1
275,0,1,1,0,0
276,0,0,0,1,0
277,1,1,0,0,0
278,0,1,1,0,0
279,1,1,0,0,0
280,0,0,1,1,0
281,1,1,0,0,0
282,0,0,1,1,0
283,0,1,0,1,0
284,1,0,0,1,0
285,1,0,1,0,0
286,1,0,0,0,0
287,1,0,1,0,0
288,1,0,1,0,0
289,0,1,0,1,1
290,1,0,0,0,0
291,1,0,0,0,1
292,0,0,0,1,0
293,0,1,1,0,0
294,1,1,0,0,0
295,0,1,0,0,0
296,0,1,0,0,1
297,0,1,1,0,0
298,1,0,1,0,0
299,0,1,0,0,1
300,1,0,0,0,0
301,0,0,1,0,0
302,0,0,1,0,0
303,1,1,1,0,0
304,0,1,1,0,0
305,0,1,0,0,0
306,0,0,1,1,0
307,1,0,1,0,0
308,0,1,1,0,0
309,1,0,0,1,0
310,1,0,0,0,1
311,0,0,1,0,1
312,1,0,1,0,0
313,1,1,0,0,1
314,0,1,1,1,0
315,0,1,1,0,0
316,1,0,0,0,0
317,1,0,1,0,0
318,0,1,1,0,0
319,1,0,0,0,1
320,1,0,1,0,0
321,0,1,1,0,0
322,1,0,1,0,0
323,0,0,1,0,0
324,1,1,0,0,0
325,0,1,1,0,0
326,0,0,0,0,1
327,0,1,1,0,0
328,1,1,1,0,0
329,1,0,1,0,0
330,0,1,1,0,0
331,0,0,0,1,0
332,0,0,1,0,1
333,1,0,0,0,1
334,1,0,0,0,1
335,1,0,1,0,0
336,0,0,0,1,0
337,1,1,0,0,0
338,0,1,0,0,0
339,1,0,1,0,0
340,0,1,0,0,1
341,0,1,0,0,0
342,0,1,1,0,0
343,0,1,0,1,0
344,1,0,0,1,0
345,0,1,1,1,0
346,0,1,1,0,0
347,0,1,0,0,0
348,1,0,1,0,0
349,0,1,0,1,0
350,1,0,1,0,0
351,1,1,0,0,0
352,1,0,0,1,0
353,1,0,1,0,0
354,1,0,1,0,0
355,1,0,1,0,0
356,0,0,1,0,0
357,1,0,0,0,0
358,0,0,1,0,0
359,1,0,1,0,0
360,0,0,1,1,0
361,0,0,0,1,1
362,0,0,0,1,0
363,1,0,0,1,0
364,1,0,0,1,0
365,1,0,1,0,0
366,1,1,0,0,0
367,0,1,0,0,0
368,0,1,0,0,0
369,0,0,1,1,0
370,0,0,0,1,1
371,0,0,0,1,1
372,0,0,1,0,0
373,1,1,0,0,0
374,0,1,0,0,1
375,1,1,1,0,0
376,1,0,1,0,0
377,1,0,0,0,0
378,0,1,0,0,0
379,1,1,0,0,0
380,0,1,1,0,0
381,1,1,0,0,0
382,1,0,0,0,0
383,0,0,1,0,0
384,0,0,1,1,0
385,1,0,1,0,0
386,0,1,0,0,1
387,1,0,0,0,1
388,0,1,1,0,0
389,1,1,0,0,0
390,0,1,0,0,0
391,0,0,1,1,0
392,1,1,0,0,0
393,1,0,1,0,0
394,0,1,1,0,0
395,0,1,1,0,0
396,1,1,0,0,0
397,0,1,1,0,0
398,1,1,0,0,0
399,1,0,1,0,0
400,1,0,1,0,0
401,0,1,1,0,0
402,0,1,0,0,1
403,1,1,0,0,0
404,1,0,1,0,0
405,0,1,1,0,0
406,0,1,1,0,0
407,1,0,1,0,0
408,0,0,0,0,1
409,0,1,1,0,0
410,0,1,1,0,0
411,0,0,1,0,0
412,0,1,0,0,1
413,0,0,0,1,1
414,0,1,0,0,0
415,1,0,0,1,0
416,0,0,1,0,1
417,0,1,1,0,0
418,1,0,0,0,0
419,0,1,1,0,0
420,0,0,1,0,0
421,0,0,1,1,0
422,0,1,1,0,0
423,1,1,0,0,0
424,0,1,0,1,0
425,0,1,1,0,0
426,0,0,0,1,0
427,1,0,1,0,0
428,1,0,1,0,0
429,0,0,1,0,0
430,0,1,1,0,0
431,1,0,1,0,0
432,1,0,1,0,0
433,0,1,0,0,1
434,1,0,1,0,0
435,1,1,0,0,0
436,0,1,1,0,0
437,0,1,1,0,0
438,1,0,1,0,0
439,1,0,1,0,0
440,1,0,1,0,0
441,1,0,0,0,1
442,1,0,0,0,1
443,1,0,0,1,0
444,0,1,1,0,0
445,0,0,1,0,1
446,1,0,1,0,0
447,1,1,0,0,0
448,0,1,0,0,1
449,0,0,1,0,0
450,1,0,1,0,0
451,0,1,1,0,0
452,1,1,0,0,0
453,1,1,1,0,0
454,0,0,0,0,1
455,0,1,1,0,0
456,0,1,0,1,0
457,1,1,0,0,0
458,0,1,0,0,0
459,1,0,1,0,0
460,0,0,1,0,0
461,0,1,1,0,0
462,0,1,1,0,0
463,0,0,0,0,1
464,1,1,0,0,0
465,0,1,0,0,0
466,0,0,0,1,0
467,0,0,1,0,1
468,0,1,1,0,0
469,0,1,1,0,0
470,0,1,0,0,1
471,1,1,0,0,0
472,0,1,1,0,0
473,1,0,1,0,0
474,0,1,1,0,0
475,0,1,1,0,0
476,1,0,1,0,0
477,0,1,1,0,0
478,1,1,0,0,0
479,0,0,1,0,0
480,1,0,1,0,0
481,0,1,0,1,0
482,1,0,1,0,0
483,0,1,1,0,0
484,1,0,0,0,0
485,0,1,0,0,0
486,1,1,1,0,0
487,0,0,1,0,0
488,1,0,1,0,0
489,0,1,1,0,1
490,0,0,1,0,0
491,0,1,0,0,1
492,0,0,1,1,0
493,0,1,0,0,1
494,0,1,1,0,0
495,0,0,1,1,0
496,1,0,1,0,0
497,1,0,1,0,0
498,0,1,1,0,0
499,1,0,1,0,0
500,1,1,0,0,0
501,0,1,1,0,0
502,0,0,1,0,1
503,1,0,0,0,0
504,1,1,0,0,0
505,1,0,1,0,0
506,0,1,0,0,1
507,0,1,1,0,0
508,1,1,0,0,0
509,0,1,1,0,0
510,0,0,1,0,1
511,0,1,1,0,0
512,0,0,1,0,1
513,0,0,1,0,0
514,0,1,1,0,0
515,1,0,1,0,0
516,0,1,0,1,0
517,1,0,1,0,0
518,0,0,1,0,1
519,0,0,0,0,1
520,1,0,1,0,0
521,0,0,1,0,0
522,1,0,1,0,0
523,1,0,0,0,0
524,1,1,0,0,0
525,0,1,0,0,0
526,1,1,0,0,0
527,0,0,0,0,1
528,0,0,1,0,0
529,1,0,1,0,0
530,0,1,1,0,0
531,1,0,1,0,0
532,0,0,1,0,0
533,0,0,0,1,0
534,0,1,1,0,0
535,0,0,0,0,1
536,1,1,0,0,0
537,1,0,0,1,0
538,0,0,1,0,0
539,1,0,0,0,1
540,1,0,1,0,0
541,0,0,0,1,1
542,0,1,1,0,0
543,1,1,0,0,0
544,1,0,1,0,0
545,0,1,0,0,0
546,1,0,0,0,0
547,0,1,1,0,0
548,1,0,1,0,0
549,0,1,1,0,0
550,1,0,0,0,0
551,0,0,1,0,0
552,0,1,1,0,0
553,1,0,1,0,0
554,0,1,0,1,0
555,0,1,1,0,0
556,1,0,0,0,1
557,0,1,0,0,0
558,1,1,0,0,0
559,0,1,1,0,0
560,1,0,1,0,0
561,0,1,0,1,1
562,0,1,1,0,0
563,1,0,0,0,0
564,0,0,0,0,1
565,0,1,1,0,0
566,1,0,1,0,0
567,1,0,0,0,0
568,0,0,0,1,0
569,0,1,1,0,0
570,0,1,0,1,0
571,1,0,0,0,0
572,0,1,1,0,0
573,1,1,0,0,0
574,1,0,0,0,0
575,0,1,0,0,0
576,1,0,0,1,0
577,1,0,0,0,0
578,0,1,1,0,0
579,0,1,0,0,0
580,0,1,1,0,0
581,0,0,0,1,1
582,0,0,1,0,0
583,1,0,1,0,0
584,0,1,0,0,0
585,0,0,1,0,1
586,1,1,0,0,0
587,0,1,0,0,1
588,0,0,1,1,0
589,0,1,1,0,0
590,0,0,1,1,0
591,1,0,0,0,0
592,1,0,0,0,0
593,0,0,0,0,1
594,0,0,1,0,0
595,1,0,0,1,0
596,0,1,1,0,0
597,0,1,1,0,0
598,0,1,1,0,0
599,1,1,0,0,0
600,1,1,0,0,0
601,0,0,0,0,1
602,0,1,1,0,0
603,0,0,1,0,0
604,1,0,1,0,0
605,1,0,0,1,0
606,1,1,0,0,0
607,1,0,1,0,0
608,1,0,1,0,1
609,1,0,1,0,0
610,1,0,0,0,1
611,0,1,1,0,0
612,0,1,0,1,0
613,0,0,1,0,0
614,0,1,1,0,0
615,1,0,0,0,1
616,0,0,0,0,1
617,0,0,1,0,1
618,0,0,0,0,1
619,1,0,0,0,1
620,0,1,0,1,0
621,1,0,1,0,0
622,0,0,0,1,0
623,1,1,0,0,0
624,1,0,1,0,0
625,1,0,1,0,0
626,0,1,1,0,0
627,1,0,0,0,0
628,0,1,1,0,0
629,0,1,1,0,0
630,1,0,1,0,0
631,0,1,0,0,0
632,0,1,1,0,0
633,0,0,1,0,0
634,1,0,0,1,0
635,0,1,1,0,0
636,0,0,1,0,1
637,1,1,0,0,0
638,1,1,0,0,0
639,0,0,1,1,0
640,0,1,1,0,0
641,1,0,0,0,0
642,0,0,1,1,0
643,0,1,1,0,0
644,0,1,1,0,0
645,1,0,0,1,0
646,0,1,0,1,0
647,1,1,0,0,0
648,1,1,0,0,0
649,0,1,0,0,1
650,1,0,1,0,0
651,1,0,0,0,0
652,1,0,0,1,0
653,1,0,0,0,1
654,0,1,0,0,1
655,1,1,0,0,0
656,1,0,0,0,0
657,0,0,1,0,0
658,0,1,0,0,1
659,0,0,1,1,0
660,1,1,0,0,0
661,0,0,0,0,1
662,0,1,1,0,0
663,0,0,1,0,0
664,0,1,0,1,1
665,0,0,1,0,0
666,0,1,1,0,0
667,0,1,0,1,0
668,0,0,1,0,1
669,0,1,0,0,0
670,0,0,1,1,0
671,1,0,0,0,0
672,0,1,1,0,0
673,1,1,0,0,0
674,1,0,1,0,0
675,0,1,1,0,0
676,0,1,1,0,0
677,0,1,1,0,0
678,0,1,1,0,0
679,0,1,0,0,0
680,1,0,1,0,0
681,0,1,0,1,0
682,0,0,0,0,1
683,0,0,1,0,1
684,0,0,1,0,1
685,0,0,0,1,1
686,1,1,0,0,0
687,0,1,0,0,1
688,1,1,0,0,0
689,0,1,1,0,0
690,1,1,0,0,0
691,0,1,1,0,0
692,1,0,1,0,0
693,1,0,0,1,0
694,0,1,0,0,1
695,1,1,0,0,0
696,0,1,0,1,0
697,1,0,1,0,0
698,1,0,0,0,0
699,0,0,1,0,0
700,0,1,1,0,0
701,0,0,1,0,1
702,1,0,1,0,0
703,0,0,1,0,0
704,1,1,0,0,0
705,0,1,1,0,0
706,0,1,0,0,1
707,1,1,0,0,0
708,1,1,0,1,0
709,1,1,0,0,0
710,1,1,0,0,0
711,0,0,0,0,1
712,1,0,0,0,1
713,1,0,1,0,0
714,0,0,1,0,0
715,0,0,1,0,0
716,1,1,0,0,0
717,0,0,1,1,0
718,0,0,1,0,0
719,1,0,1,0,0
720,0,0,1,0,1
721,0,1,1,0,0
722,0,1,1,0,0
723,0,0,0,0,1
724,0,0,1,0,0
725,1,0,1,0,0
726,1,0,1,0,0
727,1,1,0,0,0
728,0,1,1,0,0
729,0,1,1,0,0
730,0,1,1,0,0
731,1,1,0,0,0
732,0,0,1,0,1
733,0,1,0,1,0
734,1,1,1,0,0
735,1,0,1,0,0
736,0,1,1,0,0
737,0,0,1,1,0
738,0,0,1,1,0
739,0,0,0,1,0
740,1,1,1,0,0
741,0,0,1,0,0
742,0,1,0,0,1
743,0,1,1,0,0
744,0,0,1,0,1
745,1,0,0,0,1
746,0,0,0,1,1
747,0,1,0,0,0
748,0,0,1,0,0
749,0,1,1,0,0
750,0,1,1,0,0
751,1,0,1,0,0
752,1,1,0,0,0
753,0,1,0,0,0
754,1,0,0,0,1
755,1,0,0,0,1
756,1,0,0,0,0
757,0,1,1,0,0
758,1,0,0,0,0
759,1,0,1,0,0
760,0,0,1,0,1
761,1,0,1,0,0
762,1,1,0,0,0
763,0,0,1,0,0
764,0,0,0,1,0
765,1,0,0,1,0
766,1,1,0,0,0
767,0,1,0,1,0
768,0,0,1,0,0
769,0,1,1,0,0
770,0,0,1,0,1
771,1,0,0,0,1
772,0,1,1,0,0
773,0,1,1,0,0
774,1,0,0,1,0
775,0,1,1,0,0
776,0,1,0,0,1
777,0,0,1,0,0
778,0,1,1,0,0
779,0,0,1,0,1
780,0,0,1,0,1
781,0,0,1,0,0
782,0,1,0,1,0
783,1,1,0,0,0
784,1,1,1,0,0
785,1,1,0,0,0
786,0,0,0,1,1
787,1,0,0,0,0
788,1,1,1,0,0
789,0,0,1,0,0
790,1,0,1,0,0
791,0,0,1,1,0
792,0,0,1,0,0
793,1,0,0,0,0
794,1,1,0,0,0
795,1,0,1,0,0
796,1,0,1,0,0
797,1,0,1,0,0
798,1,1,0,0,0
799,1,0,0,0,1
800,0,1,0,0,0
801,0,1,0,1,0
802,0,1,1,0,0
803,0,0,1,0,0
804,0,0,1,0,1
805,0,1,1,0,0
806,0,1,1,0,0
807,0,1,1,0,0
808,1,0,0,0,1
809,0,0,1,1,0
810,0,1,0,0,0
811,1,0,0,0,1
812,0,0,0,1,0
813,0,0,0,1,0
814,0,1,1,0,0
815,0,0,0,0,1
816,0,0,1,0,1
817,1,0,0,0,0
818,0,1,1,0,0
819,0,0,1,0,0
820,0,1,0,0,1
821,0,0,0,1,0
822,0,1,1,0,0
823,1,1,0,0,1
824,0,0,0,0,1
825,0,1,0,0,1
826,1,1,0,0,0
827,0,1,0,1,0
828,1,0,1,0,0
829,1,0,0,0,0
830,1,0,1,0,0
831,1,1,1,0,0
832,0,1,1,0,0
833,0,0,1,0,1
834,0,1,1,0,0
835,1,0,1,0,0
836,1,0,1,0,0
837,0,0,1,1,0
838,1,0,0,0,0
839,1,0,1,0,0
840,1,0,1,0,0
841,1,0,1,0,0
842,1,0,0,1,0
843,0,1,0,0,1
844,0,1,1,0,0
845,0,0,0,1,0
846,0,1,0,0,1
847,0,0,1,0,1
848,0,0,1,0,0
849,0,0,1,0,0
850,1,1,0,0,0
851,0,0,1,1,0
852,1,0,1,0,0
853,0,1,1,0,0
854,0,0,1,0,0
855,1,1,0,1,0
856,0,0,1,0,1
857,1,0,0,1,0
858,0,0,1,0,1
859,0,1,1,0,0
860,1,1,0,0,0
861,1,1,0,0,0
862,0,0,0,1,1
863,1,0,1,0,0
864,1,0,1,0,0
865,0,0,0,0,1
866,0,0,1,0,1
867,0,1,1,0,0
868,0,1,1,0,0
869,0,1,1,0,0
870,1,0,0,0,0
871,1,0,0,0,0
872,0,0,1,0,0
873,0,1,1,0,0
874,0,0,0,0,1
875,1,0,0,0,1
876,1,0,1,0,0
877,0,1,0,0,0
878,0,0,0,1,1
879,0,0,1,0,0
880,1,0,1,0,0
881,1,1,0,0,0
882,1,0,0,0,0
883,0,1,0,1,0
884,1,1,0,0,0
885,1,0,1,0,0
886,0,1,0,1,0
887,0,0,0,1,0
888,0,1,1,0,0
889,1,0,1,0,0
890,1,1,0,0,0
891,1,0,1,0,0
892,0,0,1,0,0
893,1,1,0,0,0
894,0,0,1,0,0
895,0,1,1,0,0
896,1,0,1,0,0
897,0,0,1,0,1
898,0,1,1,0,0
899,1,1,0,0,0
900,1,0,0,0,0
901,1,0,0,0,0
902,0,0,1,0,1
903,1,0,0,1,0
904,1,0,1,0,0
905,0,0,0,0,1
906,0,1,0,1,0
907,1,0,0,0,0
908,1,0,1,0,0
909,1,1,1,0,0
910,1,1,0,0,0
911,0,0,1,0,0
912,1,0,1,0,0
913,0,0,1,0,0
914,0,0,1,1,0
915,0,0,1,1,0
916,1,0,1,0,0
917,1,0,0,1,0
918,1,1,0,0,0
919,0,0,1,0,0
920,1,1,0,0,0
921,1,0,1,0,0
922,1,0,1,0,0
923,0,1,1,0,0
924,0,1,0,0,0
925,0,1,1,1,0
926,1,0,1,0,0
927,1,0,0,0,0
928,1,1,0,0,0
929,0,0,1,0,1
930,0,0,1,1,0
931,0,1,0,0,0
932,1,0,1,0,0
933,1,0,1,0,0
934,1,0,0,0,1
935,0,0,0,1,1
936,0,1,1,0,0
937,0,1,1,0,0
938,0,1,1,0,0
939,1,0,1,0,0
940,0,1,1,0,0
941,1,0,0,1,0
942,1,0,0,0,1
943,0,1,1,0,0
944,0,1,1,0,0
945,0,0,0,1,0
946,1,1,0,0,0
947,0,1,1,0,0
948,0,0,0,0,1
949,1,0,0,0,1
950,0,1,1,0,0
951,0,0,1,1,0
952,0,0,0,1,1
953,0,1,1,0,0
954,0,1,1,0,0
955,0,0,1,0,1
956,1,0,1,1,0
957,1,1,0,0,0
958,1,1,0,0,0
959,0,1,1,0,0
960,1,1,0,0,0
961,0,1,1,0,0
962,0,1,0,0,0
963,0,1,0,1,0
964,1,0,0,0,0
965,1,0,1,0,0
966,0,1,0,0,1
967,0,1,1,0,0
968,0,0,1,0,0
969,0,0,0,1,1
970,0,1,0,0,0
971,0,1,1,0,0
972,0,0,1,1,0
973,0,0,1,0,0
974,1,1,0,0,0
975,1,0,1,1,0
976,1,0,1,0,0
977,1,0,1,0,0
978,0,0,1,0,1
979,1,0,0,0,1
980,0,1,1,0,0
981,0,1,0,0,0
982,0,1,1,0,0
983,1,1,0,0,0
984,0,0,1,0,0
985,0,1,1,0,0
986,1,0,0,0,0
987,1,1,0,0,0
988,0,1,1,0,0
989,1,0,1,0,0
990,0,0,1,0,0
991,1,1,1,0,0
992,0,0,0,0,1
993,0,0,1,0,0
994,0,0,1,0,1
995,1,1,0,0,0
996,0,1,0,0,1
997,1,1,1,0,0
998,1,1,0,0,0
999,0,1,1,0,0
1000,0,1,1,0,0
1001,0,1,0,1,0
1002,0,1,0,0,1
1003,0,0,0,1,1
1004,0,1,1,0,0
1005,0,0,0,0,1
1006,1,0,1,0,0
1007,1,0,1,0,0
1008,1,1,0,0,0
1009,0,1,1,0,0
1010,1,0,1,0,0
1011,1,0,0,1,0
1012,0,0,1,0,0
1013,1,0,0,0,0
1014,1,0,1,0,0
1015,1,1,0,0,0
1016,1,0,0,0,0
1017,1,0,0,0,0
1018,1,0,1,0,0
1019,0,0,1,0,0
1020,1,0,1,0,0
1021,0,1,1,0,0
1022,1,0,1,0,0
1023,1,1,0,0,0
1024,1,0,1,0,0
1025,0,0,0,1,1
1026,1,0,1,0,0
1027,0,0,1,0,0
1028,1,0,1,0,0
1029,0,0,1,0,0
1030,1,1,0,0,0
1031,1,0,0,1,0
1032,1,0,0,1,0
1033,0,1,1,0,0
1034,0,1,1,0,0
1035,1,0,1,0,0
1036,1,0,0,1,0
1037,0,1,0,0,0
1038,0,0,0,0,1
1039,1,1,1,0,0
1040,1,0,1,0,0
1041,0,0,0,0,1
1042,1,0,1,0,0
1043,1,1,0,0,0
1044,0,1,1,0,0
1045,0,1,1,0,0
1046,0,0,1,1,0
1047,0,0,1,0,0
1048,0,1,1,0,0
1049,0,0,1,0,0
1050,0,1,0,0,0
1051,0,1,1,0,0
1052,1,0,0,0,0
1053,0,1,0,1,0
1054,1,1,0,0,0
1055,0,0,1,1,0
1056,0,1,0,0,0
1057,0,0,1,0,0
1058,0,1,1,0,0
1059,1,0,1,0,0
1060,1,0,0,0,1
1061,0,0,1,1,0
1062,1,0,1,0,0
1063,1,1,0,0,0
1064,0,1,0,0,0
1065,0,1,1,0,0
1066,0,1,1,0,0
1067,0,1,0,0,0
1068,1,1,0,0,0
1069,0,1,0,0,1
1070,0,1,0,0,0
1071,0,1,0,1,0
1072,0,1,1,0,0
1073,1,0,1,0,0
1074,1,0,0,1,0
1075,0,0,1,1,0
1076,1,0,0,1,0
1077,0,0,0,1,0
1078,0,0,1,0,1
1079,1,0,0,0,0
1080,1,0,0,1,0
1081,1,0,0,1,0
1082,1,0,0,1,0
1083,1,0,0,1,0
1084,1,1,1,0,0
1085,0,0,1,0,0
1086,0,1,0,1,1
1087,1,0,1,0,0
1088,0,1,0,0,1
1089,0,1,1,0,0
1090,1,0,0,1,0
1091,0,0,1,0,1
1092,1,1,1,0,0
1093,0,1,0,0,1
1094,0,0,1,0,0
1095,0,1,1,0,0
1096,0,0,0,0,1
1097,0,1,0,1,0
1098,0,1,0,0,0
1099,0,1,0,0,0
1100,0,0,1,1,0
1101,0,0,1,0,0
1102,0,1,0,1,0
1103,0,0,0,0,1
1104,0,0,1,0,0
1105,0,1,0,0,0
1106,1,0,0,0,1
1107,0,1,1,0,0
1108,1,1,0,0,0
1109,1,0,1,0,0
1110,1,0,1,0,0
1111,0,0,0,1,0
1112,1,0,0,1,0
1113,1,0,0,0,1
1114,0,1,0,0,0
1115,1,0,0,0,0
1116,1,0,1,0,0
1117,0,1,1,0,0
1118,0,0,0,1,1
1119,0,0,1,0,0
1120,1,1,0,0,0
1121,0,1,0,0,1
1122,1,1,0,0,0
1123,0,0,1,1,0
1124,0,1,1,0,0
1125,1,1,0,0,1
1126,0,0,1,0,0
1127,0,0,1,0,0
1128,1,0,1,0,0
1129,1,1,0,0,0
1130,0,1,1,0,0
1131,0,0,1,1,0
1132,0,0,1,0,0
1133,0,1,1,0,0
1134,0,1,1,0,0
1135,0,1,0,1,0
1136,0,0,1,0,0
1137,1,0,0,0,0
1138,0,0,1,1,0
1139,1,1,1,0,0
1140,0,0,1,0,1
1141,1,0,0,0,0
1142,1,1,0,0,0
1143,1,1,0,0,0
1144,0,1,1,0,0
1145,0,0,0,0,1
1146,0,0,1,0,0
1147,1,0,1,0,0
1148,0,0,1,0,0
1149,0,1,1,0,0
1150,1,0,1,0,0
1151,1,1,0,0,0
1152,1,0,0,0,0
1153,0,0,1,0,0
1154,1,0,1,0,0
1155,0,1,1,0,0
1156,0,0,1,0,0
1157,1,1,0,0,0
1158,1,0,0,0,1
1159,0,1,1,0,0
1160,0,0,0,1,0
1161,0,0,0,0,1
1162,0,1,0,1,0
1163,0,0,1,0,0
1164,1,0,0,0,0
1165,0,1,1,0,0
1166,0,1,0,0,0
1167,0,1,1,0,0
1168,1,0,0,1,0
1169,0,0,1,0,0
1170,1,0,1,1,0
1171,0,0,1,0,0
1172,0,1,1,0,0
1173,1,0,1,1,0
1174,1,1,0,0,0
1175,1,0,0,1,0
1176,1,0,0,0,1
1177,0,1,0,0,0
1178,1,0,1,0,0
1179,1,0,1,0,0
1180,0,1,0,0,0
1181,1,1,0,0,0
1182,0,0,0,0,1
1183,0,0,1,0,0
1184,0,1,1,0,0
1185,1,0,0,0,1
1186,0,1,0,1,0
1187,0,1,0,1,0
1188,0,1,0,0,1
1189,0,0,1,0,1
1190,1,1,0,0,0
1191,0,1,1,0,0
1192,0,1,0,0,1
1193,0,0,1,0,1
1194,1,0,0,0,0
1195,0,1,1,0,0
1196,0,0,1,1,0
1197,0,0,1,1,0
1198,0,1,0,0,1
1199,1,0,1,0,0
1200,0,0,0,0,1
1201,0,1,1,0,0
1202,0,0,1,0,1
1203,1,0,1,0,0
1204,1,1,0,0,0
1205,0,1,1,0,0
1206,0,0,0,1,0
1207,0,1,0,0,1
1208,1,0,0,1,0
1209,0,0,0,0,1
1210,0,1,1,0,0
1211,1,1,0,0,0
1212,1,1,0,0,0
1213,0,0,1,1,0
1214,1,0,1,0,0
1215,0,0,1,0,0
1216,0,1,1,0,0
1217,0,1,1,0,0
1218,1,0,0,1,0
1219,0,0,1,0,1
1220,0,0,1,0,0
1221,1,0,1,0,0
1222,0,1,1,0,0
1223,0,1,1,0,0
1224,1,1,0,0,0
1225,1,1,0,0,0
1226,0,1,0,0,0
1227,0,0,1,0,0
1228,1,0,1,0,0
1229,0,1,1,0,0
1230,1,0,0,0,0
1231,1,0,0,0,0
1232,1,0,0,0,1
1233,1,0,1,0,0
1234,1,1,0,0,0
1235,1,0,1,0,0
1236,1,1,0,0,0
1237,1,1,0,0,0
1238,0,1,1,0,0
1239,0,1,1,0,0
1240,0,1,1,0,0
1241,1,0,1,0,1
1242,0,1,1,0,0
1243,0,0,1,1,0
1244,1,1,0,0,0
1245,1,0,1,0,0
1246,1,0,1,0,0
1247,1,1,0,0,0
1248,0,1,1,0,0
1249,1,0,0,0,0
1250,0,1,0,0,0
1251,0,0,1,0,1
1252,0,1,1,0,0
1253,1,0,1,0,0
1254,1,0,0,0,0
1255,0,1,1,0,0
1256,1,0,0,0,1
1257,1,0,0,0,0
1258,0,0,0,1,0
1259,1,0,1,0,0
1260,1,0,0,0,1
1261,1,0,1,0,0
1262,1,1,0,0,0
1263,1,0,0,0,1
1264,0,1,1,0,0
1265,1,1,0,0,0
1266,1,0,1,0,0
1267,1,0,0,0,0
1268,1,0,0,0,0
1269,1,0,1,0,0
1270,1,1,0,0,0
1271,0,1,1,0,0
1272,1,0,0,0,0
1273,1,0,0,1,0
1274,1,0,1,0,0
1275,0,0,1,0,0
1276,0,0,1,0,0
1277,1,0,0,0,1
1278,1,1,0,0,0
1279,0,1,1,0,0
1280,0,1,0,0,1
1281,0,1,1,0,0
1282,0,1,1,0,0
1283,1,1,0,0,0
1284,0,0,1,1,0
1285,1,1,0,0,0
1286,0,0,1,1,0
1287,0,1,0,1,0
1288,0,0,0,0,1
1289,0,0,0,1,1
1290,0,1,1,0,0
1291,0,1,0,1,0
1292,0,0,0,1,0
1293,0,1,0,0,1
1294,1,0,1,0,0
1295,0,0,1,0,0
1296,1,1,0,0,0
1297,0,1,1,0,0
1298,0,1,0,0,0
1299,1,0,1,0,0
1300,0,1,1,0,0
1301,1,0,1,0,0
1302,0,0,1,0,0
1303,0,1,1,0,0
1304,0,1,1,0,0
1305,1,1,1,0,0
1306,1,0,1,0,0
1307,0,1,0,0,0
1308,1,0,1,0,0
1309,0,1,1,0,0
1310,1,1,0,0,0
1311,0,1,1,0,0
1312,1,0,1,0,0
1313,0,0,1,1,0
1314,0,0,1,0,0
1315,1,0,1,0,0
1316,0,1,0,0,1
1317,0,1,1,0,0
1318,0,1,1,0,0
1319,1,1,0,0,0
1320,1,0,0,0,1
1321,0,1,1,0,0
1322,1,0,0,1,0
1323,0,1,1,0,0
1324,1,1,0,0,0
1325,1,0,0,0,0
1326,1,0,1,0,0
1327,1,0,0,0,1
1328,0,1,0,0,1
1329,1,0,0,1,0
1330,0,0,0,0,1
1331,1,1,0,0,0
1332,1,1,0,0,0
1333,0,1,0,0,0
1334,0,1,0,0,0
1335,1,0,0,1,0
1336,0,0,1,1,0
1337,0,1,1,0,0
1338,1,0,1,0,0
1339,1,0,1,0,0
1340,0,0,0,0,1
1341,0,0,0,1,1
1342,1,0,0,1,0
1343,0,0,0,1,0
1344,1,0,1,0,0
1345,0,0,1,0,0
1346,1,1,0,0,0
1347,1,1,1,0,0
1348,0,1,1,0,0
1349,0,0,0,0,1
1350,1,1,0,0,0
1351,1,1,0,0,0
1352,0,0,1,1,0
1353,0,0,1,0,0
1354,0,0,0,0,1
1355,0,0,1,1,0
1356,1,0,1,0,0
1357,1,0,0,1,0
1358,0,1,1,0,0
1359,1,0,1,0,0
1360,1,0,1,0,0
1361,1,0,1,0,0
1362,1,1,0,0,0
1363,1,0,1,0,0
1364,1,0,1,1,0
1365,0,0,1,0,0
1366,1,0,0,1,0
1367,1,0,0,1,0
1368,0,1,0,1,0
1369,1,1,0,0,0
1370,0,0,0,1,1
1371,1,1,0,0,0
1372,1,1,0,1,0
1373,0,0,1,0,0
1374,0,0,1,0,0
1375,1,0,0,0,0
1376,0,0,1,1,0
1377,1,1,1,0,0
1378,0,0,1,0,0
1379,1,0,1,0,0
1380,0,0,1,1,0
1381,0,1,1,0,0
1382,0,0,1,0,0
1383,0,1,1,0,1
1384,1,0,1,0,0
1385,1,0,1,0,0
1386,0,1,1,0,0
1387,0,1,1,0,0
1388,0,1,1,0,0
1389,0,1,1,0,0
1390,0,0,0,1,1
1391,0,0,1,0,0
1392,1,0,1,0,0
1393,1,0,0,1,0
1394,0,0,1,0,1
1395,1,0,0,1,0
1396,0,0,1,0,0
1397,1,1,0,0,0
1398,1,0,1,0,0
1399,1,0,1,0,0
1400,0,0,1,0,0
1401,0,0,1,0,0
1402,1,0,1,0,0
1403,1,1,0,0,0
1404,0,1,0,0,1
1405,0,1,0,1,0
1406,1,0,0,1,0
1407,0,1,1,0,0
1408,1,1,0,0,0
1409,1,0,0,0,0
1410,0,0,1,0,1
1411,1,1,0,0,0
1412,1,1,0,0,0
1413,0,1,0,1,0
1414,0,1,1,0,0
1415,0,0,1,0,0
1416,0,1,1,0,0
1417,1,0,1,0,0
1418,0,1,1,0,0
1419,0,1,1,0,0
1420,0,1,1,0,0
1421,1,0,0,0,0
1422,0,1,0,0,0
1423,0,0,1,0,0
1424,0,1,0,0,1
1425,0,1,0,0,0
1426,0,1,1,0,0
1427,1,0,1,0,0
1428,1,0,1,0,0
1429,1,1,0,0,0
1430,0,1,1,0,0
1431,1,1,0,0,0
1432,1,1,0,0,0
1433,0,0,0,1,1
1434,0,0,1,0,0
1435,0,0,1,1,0
1436,0,1,1,0,0
1437,1,0,0,1,0
1438,0,0,1,1,0
1439,1,1,0,0,0
1440,1,0,0,0,1
1441,1,0,0,0,0
1442,0,1,1,0,0
1443,1,1,0,0,0
1444,1,1,1,0,0
1445,0,1,1,0,0
1446,0,0,1,1,0
1447,1,0,1,0,0
1448,0,1,1,0,0
1449,1,0,1,0,0
1450,1,0,1,0,0
1451,1,0,1,0,0
1452,1,0,0,0,0
1453,1,0,1,0,0
1454,0,0,1,1,0
1455,1,0,0,0,0
1456,1,1,1,0,0
1457,0,0,0,0,1
1458,0,0,1,0,1
1459,0,0,1,0,1
1460,1,0,0,1,0
1461,0,0,1,0,1
1462,0,0,0,0,1
1463,1,0,0,1,0
1464,0,1,1,0,0
1465,0,1,0,0,0
1466,0,0,0,1,1
1467,0,0,1,0,0
1468,0,1,0,0,0
1469,0,0,1,0,1
1470,0,0,0,1,1
1471,0,1,0,0,1
1472,0,0,0,0,1
1473,0,0,0,1,1
1474,1,1,0,0,0
1475,1,0,0,0,0
1476,1,0,0,0,0
1477,1,1,1,0,0
1478,1,1,0,0,0
1479,0,1,1,0,0
1480,0,0,1,1,0
1481,0,0,1,0,1
1482,0,0,1,1,0
1483,0,1,1,0,0
1484,0,0,1,0,0
1485,0,1,0,0,1
1486,0,0,1,0,0
1487,0,0,1,0,0
1488,1,0,1,0,0
1489,0,0,1,0,0
1490,0,1,0,0,0
1491,1,0,1,0,0
1492,0,0,1,0,0
1493,1,0,1,1,0
1494,0,1,0,0,0
1495,1,0,1,0,0
1496,1,0,0,0,0
1497,0,1,1,0,0
1498,0,0,1,0,0
1499,0,1,0,1,0
1500,0,1,1,0,0
1501,1,0,1,0,0
1502,0,1,1,0,0
1503,0,0,1,0,1
1504,1,0,1,0,0
1505,0,0,0,0,1
1506,0,0,0,1,0
1507,0,0,1,1,0
1508,1,0,0,1,0
1509,0,1,0,0,0
1510,0,1,1,0,0
1511,0,0,0,1,0
1512,0,0,1,1,0
1513,1,0,0,0,0
1514,1,1,0,0,0
1515,1,1,0,0,0
1516,1,0,0,0,1
1517,0,1,0,0,1
1518,0,1,0,1,0
1519,1,0,1,0,0
1520,1,0,1,0,0
1521,0,1,1,0,0
1522,0,1,0,0,1
1523,1,1,0,0,0
1524,0,1,1,0,0
1525,1,0,1,0,0
1526,0,1,0,0,1
1527,1,1,0,0,0
1528,0,0,1,0,0
1529,1,0,0,0,1
1530,0,0,1,0,0
1531,0,0,1,0,0
1532,0,1,0,0,0
1533,1,1,1,0,0
1534,1,0,0,0,1
1535,1,1,0,0,0
1536,1,0,1,0,0
1537,0,1,1,0,0
1538,1,0,1,0,0
1539,1,0,0,0,1
1540,1,0,1,1,0
1541,0,0,0,0,1
1542,0,0,0,0,1
1543,0,0,1,0,0
1544,0,0,1,1,0
1545,1,1,0,0,0
1546,1,1,0,0,0
1547,0,1,0,0,0
1548,0,0,0,1,1
1549,0,1,1,0,0
1550,0,1,0,0,0
1551,1,0,0,0,0
1552,1,0,0,0,0
1553,0,1,0,0,0
1554,1,0,0,0,0
1555,1,1,0,0,0
1556,1,0,0,0,0
1557,1,1,0,0,0
1558,0,1,0,0,1
1559,0,1,0,0,0
1560,1,1,0,0,0
1561,1,0,1,0,0
1562,1,1,1,0,0
1563,0,0,1,0,0
1564,0,1,1,0,0
1565,0,1,0,0,0
1566,0,1,1,0,0
1567,1,1,1,0,0
1568,1,0,0,0,1
1569,0,0,0,1,0
1570,0,1,0,0,0
1571,1,0,1,0,0
1572,0,1,1,0,0
1573,0,0,1,0,0
1574,0,0,0,0,1
1575,1,0,1,0,0
1576,1,0,1,0,0
1577,1,1,0,0,0
1578,1,1,0,0,0
1579,1,0,1,0,0
1580,1,0,1,0,1
1581,0,0,1,0,0
1582,1,0,1,0,0
1583,1,0,1,0,0
1584,1,0,0,0,0
1585,0,0,1,1,0
1586,1,0,0,0,0
1587,0,0,0,1,0
1588,1,0,1,0,0
1589,0,0,0,0,1
1590,1,1,0,0,0
1591,1,0,1,0,0
1592,0,0,1,0,1
1593,0,0,1,0,0
1594,0,1,1,0,0
1595,0,1,0,0,1
1596,0,0,1,0,0
1597,1,0,1,0,0
1598,1,0,0,1,0
1599,1,0,0,0,1
1600,0,1,0,0,0
1601,0,1,1,0,0
1602,0,0,1,0,0
1603,1,1,0,0,0
1604,1,0,1,0,0
1605,1,0,1,0,0
1606,0,0,1,0,1
1607,1,0,1,0,0
1608,1,1,0,0,0
1609,1,0,1,0,0
1610,1,0,0,1,0
1611,0,1,1,0,0
1612,0,1,1,0,0
1613,1,0,0,1,0
1614,0,0,1,1,0
1615,0,0,1,0,1
1616,1,0,1,0,0
1617,0,0,1,0,1
1618,1,1,0,0,0
1619,0,1,0,0,0
1620,1,0,1,0,0
1621,1,0,1,0,0
1622,0,0,1,0,0
1623,0,0,1,0,0
1624,1,0,1,0,0
1625,0,1,1,0,0
1626,0,1,0,0,0
1627,1,1,0,0,0
1628,1,0,1,0,0
1629,0,0,1,0,1
1630,1,0,1,0,0
1631,1,0,0,1,0
1632,1,1,0,0,0
1633,1,0,0,0,0
1634,0,0,1,0,0
1635,0,1,1,0,0
1636,1,1,0,0,0
1637,1,0,1,0,0
1638,0,1,0,1,0
1639,0,1,1,0,0
1640,0,0,1,0,0
1641,1,0,1,0,0
1642,0,1,1,0,0
1643,0,1,1,0,1
1644,1,1,0,0,0
1645,0,1,0,0,0
1646,0,0,1,0,0
1647,1,0,1,0,0
1648,0,1,0,0,0
1649,1,0,1,0,0
1650,0,0,1,1,0
1651,0,1,1,0,0
1652,1,1,0,1,0
1653,0,1,0,0,1
1654,1,1,0,0,0
1655,1,1,0,0,0
1656,1,0,1,0,0
1657,1,0,1,0,0
1658,0,0,1,1,0
1659,1,0,0,0,0
1660,1,0,1,0,0
1661,0,0,0,0,1
1662,0,0,1,0,0
1663,0,0,0,1,0
1664,1,1,1,0,0
1665,0,1,1,0,0
1666,1,0,1,0,0
1667,0,0,0,1,0
1668,1,1,0,0,0
1669,0,0,1,1,0
1670,1,0,1,0,0
1671,0,0,1,0,1
1672,1,1,0,0,0
1673,1,0,1,0,0
1674,0,0,1,1,0
1675,0,1,1,0,0
1676,0,0,0,0,1
1677,0,0,1,0,1
1678,1,0,0,1,0
1679,0,0,1,0,0
1680,1,0,0,0,0
1681,1,0,1,0,0
1682,0,1,1,0,0
1683,1,1,0,0,0
1684,0,1,0,0,1
1685,0,1,1,0,0
1686,0,1,1,0,0
1687,0,0,1,0,1
1688,1,0,1,0,0
1689,1,1,1,0,0
1690,0,1,0,0,0
1691,0,0,1,0,0
1692,0,0,1,0,0
1693,0,0,0,0,1
1694,0,0,1,0,1
1695,0,1,0,0,1
1696,0,0,1,1,0
1697,1,1,0,0,0
1698,1,1,0,0,0
1699,0,1,1,0,0
1700,1,1,0,0,0
1701,1,0,0,0,0
1702,1,0,0,1,0
1703,0,1,1,0,0
1704,0,1,1,0,0
1705,1,0,1,0,0
1706,0,1,1,0,0
1707,1,0,0,0,0
1708,0,1,1,0,0
1709,0,1,0,0,0
1710,1,0,1,0,0
1711,0,1,1,0,0
1712,0,1,1,0,0
1713,0,1,0,1,1
1714,0,1,0,0,1
1715,1,0,1,0,0
1716,0,0,1,0,1
1717,0,1,0,0,0
1718,0,1,0,0,1
1719,1,1,0,0,0
1720,0,0,0,1,0
1721,1,0,0,0,1
1722,0,1,0,1,0
1723,1,0,1,0,0
1724,1,1,0,0,0
1725,0,1,0,0,0
1726,0,0,1,0,0
1727,1,0,0,0,0
1728,0,1,1,0,0
1729,1,0,0,0,0
1730,0,0,0,1,0
1731,1,1,1,0,0
1732,1,0,1,0,0
1733,1,1,0,0,0
1734,0,0,1,0,0
1735,1,0,0,1,0
1736,0,1,0,0,1
1737,0,0,1,0,0
1738,1,0,0,0,0
1739,1,1,0,0,0
1740,0,0,1,0,0
1741,0,1,0,0,0
1742,1,0,1,0,0
1743,1,1,0,0,0
1744,1,1,1,0,0
1745,0,1,1,0,0
1746,0,1,1,0,0
1747,0,1,1,0,0
1748,0,0,0,0,1
1749,0,1,1,0,1
1750,0,0,1,0,1
1751,0,1,0,0,0
1752,1,0,1,0,0
1753,0,1,0,0,1
1754,1,0,1,0,0
1755,1,0,1,0,0
1756,0,0,1,0,1
1757,1,0,1,0,0
1758,0,0,1,0,1
1759,0,0,1,0,0
1760,0,0,1,0,0
1761,0,0,1,1,1
1762,0,1,0,0,0
1763,1,0,1,0,0
1764,1,0,0,0,0
1765,1,1,0,0,0
1766,0,1,1,0,0
1767,0,1,1,0,0
1768,0,1,0,0,0
1769,0,0,1,0,0
1770,1,0,1,0,0
1771,1,0,1,0,0
1772,0,1,0,1,1
1773,0,1,0,0,0
1774,0,0,1,0,0
1775,0,0,1,1,0
1776,1,1,0,0,0
1777,0,1,0,0,0
1778,0,0,0,0,1
1779,0,1,1,0,0
1780,1,0,0,0,1
1781,0,0,0,0,1
1782,1,0,0,0,0
1783,1,0,0,0,0
1784,1,0,0,1,0
1785,0,1,0,0,1
1786,0,0,1,1,0
1787,0,0,0,1,0
1788,1,0,1,0,0
1789,1,0,1,0,0
1790,1,1,0,0,0
1791,0,0,0,1,1
1792,1,1,0,0,0
1793,0,1,1,0,0
1794,1,0,0,0,0
1795,0,1,1,0,0
1796,0,1,1,0,0
1797,0,0,0,0,1
1798,0,1,0,1,0
1799,1,0,0,1,0
1800,0,1,1,0,0
1801,0,1,0,1,0
1802,1,1,0,0,0
1803,1,1,0,0,0
1804,1,0,1,0,0
1805,1,0,1,0,0
1806,0,1,0,0,1
1807,1,1,0,0,0
1808,0,1,1,0,0
1809,0,1,0,0,0
1810,0,1,1,0,0
1811,1,1,1,0,0
1812,0,0,0,1,1
1813,0,1,0,1,0
1814,1,0,0,1,0
1815,0,0,1,0,1
1816,0,1,1,1,0
1817,1,1,0,0,0
1818,0,1,1,0,0
1819,1,0,1,0,0
1820,0,0,0,1,0
1821,0,0,0,1,0
1822,0,0,1,1,0
1823,1,0,1,0,0
1824,0,1,1,0,0
1825,0,1,1,0,0
1826,1,0,1,0,0
1827,0,0,0,1,1
1828,1,0,1,0,0
1829,1,1,1,0,0
1830,0,1,0,1,0
1831,1,0,1,0,0
1832,1,0,0,0,0
1833,1,1,0,0,0
1834,1,0,1,0,0
1835,1,0,0,0,0
1836,0,1,1,0,0
1837,0,1,1,0,0
1838,1,0,1,0,0
1839,1,1,0,1,0
1840,0,1,1,0,0
1841,0,1,1,0,0
1842,1,1,1,0,0
1843,1,0,0,1,0
1844,0,0,1,0,0
1845,1,0,1,0,0
1846,0,1,0,1,0
1847,1,1,0,0,0
1848,1,1,0,0,0
1849,0,1,1,0,0
1850,0,1,0,1,0
1851,0,1,0,1,0
1852,0,0,0,0,1
1853,0,1,0,0,1
1854,1,0,1,0,0
1855,0,0,1,0,0
1856,1,0,1,0,0
1857,0,1,1,0,0
1858,0,0,1,0,1
1859,1,0,1,0,1
1860,0,1,0,0,0
1861,0,1,1,0,0
1862,0,1,1,0,0
1863,0,1,1,0,0
1864,1,0,1,0,0
1865,0,1,1,0,0
1866,0,1,1,0,0
1867,0,1,0,0,0
1868,0,0,0,0,1
1869,0,0,0,1,1
1870,0,1,1,0,0
1871,0,1,0,0,0
1872,0,1,1,0,0
1873,1,0,0,0,0
1874,1,0,1,0,1
1875,0,1,1,0,0
1876,0,1,1,0,0
1877,1,0,1,0,0
1878,1,1,1,0,0
1879,0,0,1,0,0
1880,0,1,1,0,0
1881,0,1,1,0,0
1882,1,0,1,0,0
1883,1,0,0,0,1
1884,1,0,0,0,0
1885,1,0,0,0,1
1886,1,0,1,0,0
1887,1,0,0,0,0
1888,1,0,0,0,1
1889,0,0,1,0,1
1890,1,0,1,0,0
1891,0,1,1,0,0
1892,1,1,0,0,0
1893,0,1,1,0,0
1894,1,0,1,0,0
1895,1,1,0,0,0
1896,1,0,1,0,0
1897,1,1,1,0,0
1898,1,0,1,0,0
1899,1,1,0,0,0
1900,1,0,0,1,0
1901,0,0,1,0,0
1902,0,1,0,0,0
1903,0,1,1,0,0
1904,0,0,1,0,0
1905,0,0,0,0,1
1906,0,1,0,0,0
1907,0,1,1,0,0
1908,1,0,0,0,0
1909,0,0,0,1,1
1910,0,0,1,0,0
1911,1,0,1,0,0
1912,0,0,0,1,0
1913,0,1,1,0,0
1914,0,0,1,0,0
1915,1,1,1,0,0
1916,0,0,1,0,0
1917,1,0,1,0,0
1918,0,0,1,0,0
1919,0,1,0,0,1
1920,1,0,0,0,0
1921,0,1,1,0,0
1922,1,0,1,0,0
1923,0,0,1,0,1
1924,0,1,1,0,0
1925,0,1,0,0,0
1926,1,1,1,0,0
1927,0,0,0,1,0
1928,1,0,0,0,0
1929,0,1,1,0,1
1930,0,1,0,1,0
1931,1,0,1,0,0
1932,0,1,1,0,0
1933,1,0,0,0,1
1934,0,0,1,0,0
1935,1,1,0,0,0
1936,0,1,0,0,0
1937,1,1,0,0,0
1938,1,0,0,0,1
1939,0,1,1,0,0
1940,0,0,0,1,1
1941,0,1,0,0,1
1942,1,1,0,0,0
1943,0,1,1,0,0
1944,1,1,0,0,0
1945,1,0,1,0,0
1946,1,0,0,0,0
1947,1,1,0,0,0
1948,1,0,1,0,0
1949,1,1,0,0,0
1950,0,1,0,1,0
1951,0,0,1,0,0
1952,0,0,1,0,0
1953,1,0,1,0,1
1954,1,0,0,0,0
1955,0,0,1,0,0
1956,0,1,0,0,0
1957,0,1,1,0,0
1958,0,1,1,0,0
1959,1,1,0,0,0
1960,1,0,1,0,0
1961,1,0,1,0,0
1962,0,0,1,0,0
1963,1,0,1,0,0
1964,0,1,0,0,0
1965,0,0,1,0,0
1966,0,1,1,0,0
1967,1,0,0,1,0
1968,1,0,0,1,0
1969,1,0,0,0,0
1970,1,0,1,0,0
1971,1,0,0,1,0
1972,0,0,1,1,0
1973,0,0,1,0,0
1974,0,0,1,0,0
1975,1,0,1,0,0
1976,0,1,1,0,0
1977,1,0,1,0,0
1978,0,0,0,1,1
1979,1,1,0,0,0
1980,1,0,1,0,0
1981,1,0,0,1,0
1982,0,0,1,0,0
1983,0,0,0,1,0
1984,0,1,1,0,0
1985,1,1,0,0,0
1986,1,1,0,0,0
1987,1,1,0,0,0
1988,0,0,1,0,1
1989,0,1,0,0,1
1990,1,0,1,0,0
1991,0,1,1,0,0
1992,0,0,1,0,0
1993,1,0,1,0,0
1994,0,1,0,0,0
1995,0,1,0,0,1
1996,1,0,0,0,1
1997,0,1,0,1,1
1998,1,0,1,0,0
1999,1,0,0,0,0
2000,0,1,0,1,0
2001,0,0,1,0,1
2002,0,0,1,1,0
2003,1,1,0,0,0
2004,1,0,1,0,0
2005,1,1,0,0,0
2006,1,0,0,0,0
2007,0,1,0,0,0
2008,0,1,0,0,1
2009,0,1,1,0,0
2010,1,1,1,0,0
2011,1,0,1,0,0
2012,1,0,1,0,0
2013,1,1,0,0,0
2014,1,1,0,0,0
2015,0,0,1,0,0
2016,0,0,1,0,0
2017,0,0,0,1,1
2018,1,1,0,0,0
2019,0,0,0,1,0
2020,0,1,1,0,0
2021,1,0,1,0,0
2022,1,1,1,0,0
2023,1,0,1,0,0
2024,1,0,0,0,1
2025,0,1,0,0,0
2026,1,0,0,0,0
2027,0,0,1,0,0
2028,0,0,1,0,1
2029,0,1,1,0,0
2030,1,0,0,0,1
2031,0,0,1,0,0
2032,0,0,1,1,0
2033,1,0,0,0,1
2034,0,0,1,0,0
2035,1,0,1,0,0
2036,1,0,1,0,0
2037,0,0,0,1,0
2038,0,0,0,1,1
2039,1,0,1,0,0
2040,1,0,0,0,0
2041,1,0,1,0,0
2042,1,1,0,0,0
2043,1,0,1,0,0
2044,1,0,0,0,1
2045,0,0,1,0,0
2046,0,0,1,0,0
2047,1,0,0,0,0
2048,0,0,1,0,0
2049,1,0,1,0,0
2050,1,0,1,0,0
2051,1,0,0,0,1
2052,1,0,1,0,0
2053,0,1,1,0,0
2054,0,1,0,1,0
2055,0,0,0,1,1
2056,0,0,1,0,0
2057,0,0,1,0,0
2058,1,1,0,0,0
2059,1,1,0,0,0
2060,0,0,1,0,0
2061,0,0,1,1,0
2062,0,1,1,0,0
2063,1,1,0,0,0
2064,1,0,0,0,0
2065,1,1,0,0,0
2066,1,1,0,0,0
2067,0,1,0,0,1
2068,1,0,1,0,0
2069,0,0,0,1,1
2070,0,0,1,0,1
2071,1,1,1,0,0
2072,0,0,1,1,1
2073,1,0,1,0,0
2074,1,0,1,0,0
2075,1,0,1,0,0
2076,0,1,1,0,0
2077,0,0,1,0,0
2078,1,1,0,0,0
2079,1,0,1,0,0
2080,1,0,1,0,0
2081,0,0,1,1,0
2082,0,0,1,1,0
2083,1,1,1,0,0
2084,0,0,1,0,1
2085,1,1,0,0,0
2086,0,0,1,0,0
2087,1,0,1,0,0
2088,0,1,1,0,0
2089,0,1,0,0,1
2090,1,1,0,0,0
2091,0,0,1,1,0
2092,0,1,0,0,0
2093,1,0,1,0,0
2094,1,0,0,0,0
2095,1,0,0,0,0
2096,1,1,0,0,0
2097,1,0,1,0,0
2098,0,0,1,0,1
2099,0,1,1,0,0
2100,1,1,1,0,0
2101,1,1,1,0,0
2102,0,1,0,1,0
2103,0,1,0,0,1
2104,0,1,1,0,0
2105,0,0,0,0,1
2106,0,1,0,0,0
2107,0,0,0,1,0
2108,1,0,0,0,0
2109,0,0,0,0,1
2110,0,0,0,1,0
2111,0,1,1,0,0
2112,0,0,1,0,0
2113,0,1,0,0,0
2114,0,1,1,0,0
2115,1,0,0,0,1
2116,1,0,1,0,0
2117,0,1,0,1,0
2118,0,1,1,0,0
2119,0,0,0,0,1
2120,0,0,0,1,1
2121,0,0,0,1,0
2122,0,1,0,0,0
2123,0,0,1,0,0
2124,0,0,0,1,1
2125,1,0,1,0,0
2126,1,0,1,0,0
2127,0,0,0,1,0
2128,1,0,1,0,0
2129,0,0,1,0,0
2130,0,1,0,0,0
2131,0,1,1,0,0
2132,0,1,1,0,0
2133,1,0,0,1,0
2134,0,1,1,0,0
2135,1,1,1,0,0
2136,1,1,1,0,0
2137,0,1,1,0,0
2138,0,1,1,0,0
2139,1,0,0,0,0
2140,0,1,0,1,0
2141,0,1,1,0,0
2142,1,0,1,0,0
2143,1,0,1,0,0
2144,0,1,1,0,0
2145,0,1,1,0,0
2146,0,1,1,0,0
2147,1,0,0,1,0
2148,0,1,0,0,0
2149,1,0,1,0,0
2150,0,1,0,0,0
2151,0,0,1,0,1
2152,1,0,1,0,0
2153,1,0,1,0,0
2154,0,1,1,0,0
2155,0,1,1,0,0
2156,0,1,1,0,0
2157,1,0,0,0,1
2158,0,0,1,0,0
2159,0,0,1,0,0
2160,1,0,0,0,0
2161,1,0,1,0,0
2162,1,0,1,0,0
2163,0,1,1,0,0
2164,0,1,0,0,0
2165,1,0,0,1,0
2166,1,0,0,1,0
2167,0,0,0,0,1
2168,0,1,1,0,0
2169,0,0,1,0,0
2170,0,0,1,0,1
2171,0,0,1,0,0
2172,0,0,0,1,1
2173,0,0,0,0,1
2174,0,0,1,0,0
2175,1,0,0,1,0
2176,0,0,1,0,0
2177,1,1,0,0,0
2178,1,0,1,0,0
2179,0,0,0,0,1
2180,1,0,1,0,0
2181,0,1,0,1,0
2182,0,1,0,0,1
2183,0,1,1,0,0
2184,0,1,1,0,0
2185,0,1,1,0,0
2186,0,0,0,1,1
2187,0,1,1,0,0
2188,0,0,1,0,0
2189,0,1,1,0,0
2190,0,0,0,1,0
2191,1,1,0,0,0
2192,1,0,1,0,0
2193,0,0,1,0,0
2194,1,0,0,0,0
2195,1,1,0,0,0
2196,1,0,0,0,1
2197,0,0,1,0,0
2198,0,0,1,1,0
2199,1,0,1,0,0
2200,0,0,1,1,0
2201,0,0,1,1,0
2202,0,0,1,0,0
2203,1,0,0,0,0
2204,1,0,1,0,0
2205,0,0,0,1,1
2206,1,0,1,0,0
2207,0,0,1,1,0
2208,0,1,1,0,0
2209,0,1,1,0,0
2210,0,1,0,0,1
2211,0,1,1,0,0
2212,0,0,1,0,0
2213,0,0,0,1,1
2214,0,0,0,0,1
2215,1,0,0,0,0
2216,0,1,1,0,0
2217,1,1,0,0,0
2218,0,1,1,0,0
2219,1,0,0,1,0
2220,1,0,1,0,0
2221,1,0,1,0,0
2222,0,0,1,0,0
2223,0,0,0,0,1
2224,1,0,1,0,0
2225,0,1,0,0,1
2226,1,0,0,0,1
2227,0,1,0,1,0
2228,1,1,1,0,0
2229,0,1,1,0,0
2230,1,0,0,0,1
2231,0,1,0,0,1
2232,0,0,1,0,0
2233,0,1,0,1,0
2234,0,0,1,0,0
2235,0,1,0,0,0
2236,1,0,1,0,0
2237,1,1,0,0,0
2238,1,1,0,0,0
2239,0,1,1,0,0
2240,1,0,1,0,0
2241,1,1,0,0,0
2242,1,0,0,0,0
2243,1,0,1,0,0
2244,0,1,0,0,0
2245,1,0,1,0,0
2246,0,0,0,1,0
2247,1,1,1,0,0
2248,0,1,0,0,0
2249,0,1,1,0,0
2250,0,0,1,1,0
2251,0,1,1,0,0
2252,1,1,0,0,0
2253,1,0,0,0,1
2254,0,1,1,0,0
2255,0,1,0,1,0
2256,0,0,0,1,1
2257,0,1,0,0,0
2258,1,0,1,0,0
2259,0,0,0,1,0
2260,0,1,1,0,0
2261,0,0,0,0,1
2262,0,1,0,0,0
2263,0,1,1,0,0
2264,1,0,0,0,1
2265,1,0,0,0,1
2266,0,0,0,1,0
2267,0,1,1,0,0
2268,1,0,0,1,0
2269,1,0,1,0,0
2270,0,0,1,0,1
2271,0,1,1,0,0
2272,0,0,1,0,0
2273,0,1,1,0,0
2274,0,1,1,0,0
2275,0,0,0,1,1
2276,0,0,0,0,1
2277,1,1,0,0,0
2278,1,0,0,1,0
2279,0,0,0,1,1
2280,1,0,1,0,0
2281,0,1,0,0,1
2282,1,0,1,0,0
2283,1,0,1,0,0
2284,1,1,1,0,0
2285,1,0,1,0,0
2286,1,1,0,0,0
2287,1,0,1,0,0
2288,1,0,1,0,0
2289,1,0,0,0,0
2290,0,1,0,1,0
2291,0,1,1,0,0
2292,0,1,0,0,0
2293,0,0,1,0,0
2294,0,1,1,0,0
2295,1,0,0,0,1
2296,0,1,1,0,0
2297,1,0,0,1,0
2298,0,0,1,1,0
2299,0,0,1,0,1
2300,0,1,1,0,0
2301,1,0,0,0,1
2302,1,0,0,0,0
2303,0,1,1,0,0
2304,0,0,1,1,0
2305,1,1,0,0,0
2306,1,0,1,0,0
2307,0,0,0,1,1
2308,0,0,1,0,0
2309,0,0,1,0,0
2310,1,0,0,0,1
2311,0,0,1,0,0
2312,1,0,1,0,0
2313,1,0,1,0,0
2314,0,0,1,0,1
2315,0,1,0,0,0
2316,0,0,1,1,0
2317,0,1,0,0,1
2318,1,0,1,0,0
2319,1,0,1,0,0
2320,0,0,1,0,0
2321,0,0,1,0,0
2322,1,0,0,0,0
2323,1,0,1,0,0
2324,1,0,1,0,0
2325,1,1,0,0,0
2326,1,1,0,0,0
2327,1,1,0,0,0
2328,1,0,1,0,0
2329,0,1,1,0,0
2330,0,0,1,1,0
2331,0,1,0,1,0
2332,0,0,0,0,1
2333,0,0,0,1,0
2334,0,1,0,0,0
2335,1,0,1,0,0
2336,1,0,1,0,0
2337,1,0,1,0,0
2338,0,1,1,0,0
2339,0,0,0,1,0
2340,1,0,1,0,0
2341,1,0,0,0,0
2342,1,0,1,1,0
2343,1,0,1,0,0
2344,0,1,1,0,0
2345,0,1,1,0,0
2346,1,0,1,0,0
2347,0,0,0,0,1
2348,1,0,0,0,0
2349,0,0,1,0,0
2350,0,0,1,1,0
2351,1,0,1,0,0
2352,0,0,1,0,0
2353,1,0,0,0,0
2354,1,0,0,0,0
2355,0,0,0,1,0
2356,1,1,0,0,0
2357,0,0,1,0,0
2358,0,0,1,0,0
2359,0,1,0,1,0
2360,1,0,0,0,0
2361,1,1,0,0,0
2362,0,1,0,0,0
2363,0,1,0,0,0
2364,1,0,1,0,0
2365,1,1,1,0,0
2366,0,1,0,0,0
2367,0,1,0,0,0
2368,0,0,1,0,0
2369,0,0,1,0,0
2370,1,0,1,0,0
2371,1,0,1,0,0
2372,1,0,0,0,1
2373,1,1,1,0,0
2374,1,0,0,0,1
2375,0,1,1,0,0
2376,1,0,0,0,0
2377,1,0,0,0,0
2378,0,0,1,1,0
2379,0,1,1,0,0
2380,0,1,1,0,0
2381,0,1,0,0,1
2382,0,0,1,1,0
2383,0,1,0,1,0
2384,1,1,0,0,0
2385,1,0,0,0,0
2386,1,0,1,0,0
2387,1,0,1,0,0
2388,0,1,1,0,0
2389,1,1,0,0,0
2390,1,0,1,0,0
2391,0,1,1,0,0
2392,0,1,1,0,0
2393,0,1,1,0,0
2394,1,1,0,0,1
2395,1,0,1,0,0
2396,1,1,0,0,0
2397,1,0,1,0,0
2398,0,1,1,0,0
2399,1,0,0,0,0
2400,0,0,0,0,1
2401,1,0,1,0,0
2402,1,0,0,0,1
2403,0,1,0,1,0
2404,0,0,1,0,0
2405,1,0,0,0,1
2406,1,0,1,0,0
2407,1,1,0,0,0
2408,0,1,1,0,0
2409,1,0,0,0,1
2410,0,1,0,0,0
2411,1,0,1,0,0
2412,1,0,1,0,0
2413,0,0,1,1,0
2414,1,0,1,0,0
2415,1,0,0,0,0
2416,1,1,1,0,0
2417,0,1,1,0,0
2418,0,1,1,0,0
2419,0,0,1,0,0
2420,1,1,0,0,0
2421,1,1,0,0,0
2422,1,1,0,0,0
2423,1,0,1,0,0
2424,1,0,1,0,0
2425,1,1,0,0,0
2426,0,1,0,0,0
2427,1,0,1,0,0
2428,0,1,0,0,0
2429,0,0,1,0,0
2430,0,1,0,0,1
2431,0,1,1,0,0
2432,1,0,0,0,1
2433,0,1,1,0,0
2434,0,1,1,0,0
2435,0,1,1,0,0
2436,1,1,0,0,0
2437,0,1,1,0,0
2438,1,0,1,0,0
2439,1,1,0,0,0
2440,1,0,0,0,0
2441,1,0,1,0,0
2442,1,0,0,0,1
2443,1,0,1,0,0
2444,0,0,1,0,0
2445,0,1,0,1,0
2446,0,0,0,0,1
2447,1,0,0,0,1
2448,0,0,1,0,0
2449,1,1,1,0,0
2450,0,0,1,0,1
2451,1,0,1,0,0
2452,1,1,0,0,0
2453,0,0,0,1,0
2454,1,0,0,0,0
2455,0,0,1,1,0
2456,1,0,1,0,0
2457,1,0,1,0,0
2458,1,1,1,0,0
2459,0,0,1,0,1
